,RNAPII_bound_fraction_constant_nuclear_fraction,RNAPII_bound_fraction_constant_nuclear_fraction_10pc,RNAPII_bound_fraction_constant_nuclear_fraction_90pc,RNAPII_bound_fraction_linear_nuclear_fraction,RNAPII_bound_fraction_linear_nuclear_fraction_10pc,RNAPII_bound_fraction_linear_nuclear_fraction_90pc,RNAPII_bound_fraction_exp_nuclear_fraction,RNAPII_bound_fraction_exp_nuclear_fraction_10pc,RNAPII_bound_fraction_exp_nuclear_fraction_90pc,diploid_constant_nuclear_fraction,diploid_constant_nuclear_fraction_10pc,diploid_constant_nuclear_fraction_90pc,diploid_constant_linear_fraction,diploid_constant_linear_fraction_10pc,diploid_constant_linear_fraction_90pc,diploid_constant_exp_fraction,diploid_constant_exp_fraction_10pc,diploid_constant_exp_fraction_90pc,haploid_constant_nuclear_fraction,haploid_linear_nuclear_fraction,haploid_exp_nuclear_fraction
1.0,0.05807321144590599,0.9750661199549105,0.9868761640103424,0.05807320928890956,0.6141807788925534,0.7969256490025975,0.06179539675961402,0.897718334190415,0.948446747363152,0.05863004962199647,0.046618367526462784,0.07184047514030065,0.06807803305699561,0.051525566049410956,0.08732238091740678,0.06421695419981042,0.04975589689319276,0.08125177213353577,0.05807321144590599,0.05807320928890956,0.06179539675961402
3.313131313131313,0.18430615496414832,0.9218955358915253,0.9578002729748303,0.18430614858872585,0.580689576534698,0.7734470470798105,0.1791430375094615,0.752015528062758,0.8640647393968909,0.19003417387964136,0.15189932070754542,0.23149258406056686,0.21988851318865724,0.1680997531562078,0.27940561018591586,0.19805711010327537,0.15737577205887493,0.24436920587156663,0.18430615496414832,0.18430614858872585,0.1791430375094615
5.626262626262626,0.300342332906789,0.8742239567835135,0.9303888883493812,0.30034232322185106,0.5506620776264677,0.7513124774494632,0.27790378557265205,0.6696924008584911,0.8095161105413661,0.31585690578431497,0.25375588512909814,0.38262581337962687,0.36426264774243816,0.28116161533416817,0.45890489705371756,0.3196072795964333,0.2578887564542612,0.38788468551129124,0.300342332906789,0.30034232322185106,0.27790378557265205
7.9393939393939394,0.4073692840484096,0.8312402430091634,0.9045030372549594,0.4073692717934128,0.5235873660464871,0.7304097278759606,0.3678016277178851,0.617901313971597,0.7721907338467299,0.43644645483281863,0.3523714533781038,0.5259044256901377,0.5017337715847622,0.3908677702954509,0.627628896336439,0.43446317104048304,0.35440869258134433,0.5212944955915757,0.4073692840484096,0.4073692717934128,0.3678016277178851
10.252525252525253,0.5063970337088353,0.7922853111330703,0.8800188005516072,0.506397019488264,0.49905030142980783,0.7106387407412676,0.4530220733081592,0.5827626160108555,0.7453941387161787,0.5521226553495885,0.448028135811157,0.6619253574417986,0.6327854093285956,0.4968072146298827,0.7862697152718477,0.545442955229853,0.44853011198221904,0.6490139778264872,0.5063970337088353,0.506397019488264,0.4530220733081592
12.565656565656566,0.5982900673186046,0.7568180981619952,0.8568253280572999,0.5982900516286527,0.4767100811637446,0.6919100105485391,0.5354261612439026,0.5573793659077848,0.7252398790570911,0.6631797991033277,0.5425998661704623,0.7906048703552411,0.7578569576312019,0.5984377689519474,0.935705024291398,0.6539418304746234,0.5412324223973204,0.7731614454294644,0.5982900673186046,0.5982900516286527,0.5354261612439026
14.878787878787879,0.6837926334233609,0.7243902762661203,0.8348231597537951,0.683792616672761,0.45628431398694325,0.67414322847049,0.6157664378002843,0.5379395450796101,0.7093276427258892,0.7698891352389031,0.6336778122714274,0.9127619178464282,0.877348606967673,0.6966367034468816,1.0766977177571693,0.7605765076653783,0.6322083557240824,0.8946960805628127,0.6837926334233609,0.683792616672761,0.6157664378002843
17.19191919191919,0.7635489451747178,0.6946272011286189,0.8139227993179348,0.763548927701135,0.43753701993469574,0.6572661306188955,0.6942318495358679,0.5221822061294247,0.696113195679941,0.8725010822346133,0.7212777169389422,1.0289660649642003,0.9916256190431921,0.7915750150268458,1.209742612640289,0.8655262669655958,0.7218286324474024,1.0141197688315453,0.7635489451747178,0.763548927701135,0.6942318495358679
19.505050505050505,0.838119441272525,0.6672133717545707,0.794043496810026,0.8381194233555549,0.420269471901329,0.6412135151830562,0.7707258346992009,0.5087063694780638,0.6845795842197016,0.9712471898572378,0.8063828700534902,1.1396421686126175,1.1010220561624953,0.8834125206847205,1.33563971235166,0.9687289422840805,0.8102572322227941,1.131849478410784,0.838119441272525,0.8381194233555549,0.7707258346992009
21.81818181818182,0.9079939748835221,0.6418812026816594,0.7751122055906496,0.9079939567550716,0.40431312357704313,0.6259264002372752,0.8450221655868866,0.4966248802653877,0.6740517962305531,1.0663418834707292,0.8890587381242403,1.2448538876596111,1.2058440427646462,0.9723107849913781,1.4549500889859512,1.0700001035060052,0.897369919936445,1.2469548768187018,0.9079939748835221,0.9079939567550716,0.8450221655868866
24.13131313131313,0.9736025869635321,0.6184022604267146,0.7570626850486997,0.9736025688161607,0.389524089529402,0.6113512992743596,0.916856881644654,0.4853748825377591,0.6640849279833057,1.1579840183554984,0.9694476785303223,1.3445647986188047,1.3063726261902535,1.0587136437835944,1.5681775773630122,1.1691075826265978,0.9830069989101925,1.3591220491054414,0.9736025869635321,0.9736025688161607,0.916856881644654
26.444444444444443,1.0353243648561603,0.5965803554494881,0.7398347259003205,1.0353243468498243,0.3757787940184416,0.5974395957016562,0.9859826361684967,0.4746056879535662,0.6543925537695767,1.246358267750339,1.0477461197037776,1.4369089193598925,1.4028662929807754,1.1453117329666922,1.674862160544964,1.2658178904113264,1.0670043075744449,1.4680425257653793,1.0353243648561603,1.0353243468498243,0.9859826361684967
28.757575757575758,1.0934947717632892,0.5762460469055826,0.7233734789578316,1.0934947540308253,0.3629705096856759,0.5841470008781058,1.052198925817619,0.46410794747569484,0.6447985138078807,1.331636365006073,1.1260031758001663,1.5272770109157312,1.4955631881485683,1.2295513568256096,1.7755815114487354,1.3599239158378906,1.1492121099366968,1.5734506216722353,1.0934947717632892,1.0934947540308253,1.052198925817619
31.070707070707073,1.148411746418316,0.5572522342076055,0.7076288715957151,1.1484117290699225,0.3510065807921357,0.5714330829576442,1.1153661514563036,0.45376659280404863,0.6352032277230413,1.4139782174319087,1.2028332337362755,1.616756201906608,1.5846830775340734,1.3085714754387074,1.8713619146448748,1.4512598060989605,1.2314299367265906,1.6751426507874638,1.148411746418316,1.1484117290699225,1.1153661514563036
33.38383838383838,1.200340807149267,0.5394705926314268,0.6925550988302758,1.2003407902761833,0.3398061780965802,0.5592608559757035,1.175408848670552,0.44352850706425717,0.6255595785238026,1.4935329070351169,1.2780170294186968,1.7026887579384997,1.6704290872916392,1.3853545641740606,1.962558017447263,1.539707065645658,1.3124743688156235,1.7729838135637936,1.200340807149267,1.2003407902761833,1.175408848670552
35.696969696969695,1.2495193449022337,0.5227886702614731,0.678110178113901,1.2495193285797777,0.32929847029292686,0.547596420379096,1.2323119760502208,0.4333799487122648,0.6158554439267775,1.570439591330811,1.351910231963935,1.7852815086848144,1.7529892494863228,1.4599911715904996,2.0491761219235927,1.6251948003089676,1.3918079448556755,1.8669069615648688,1.2495193449022337,1.2495193285797777,1.2323119760502208
38.01010101010101,1.296160251699965,0.5071075074127084,0.6642555587272764,1.2961602359900473,0.3194211245416565,0.5364086476386359,1.286113165478397,0.42333077216014203,0.6061010341097265,1.6448283156729582,1.4242350614763184,1.8638911554518485,1.8325378785552726,1.5325153801745308,2.13127754043637,1.7076962755547613,1.4693904769756065,1.9569063665451336,1.296160251699965,1.2961602359900473,1.286113165478397
40.323232323232325,1.3404550015381984,0.4923396720190611,0.6509557781139621,1.3404549864914135,0.31011906900750486,0.525668902763452,1.3368930657243576,0.41340353739748686,0.5963197946587595,1.7168207470822383,1.495040943241528,1.9386557876871224,1.9092367998402415,1.6033105101859821,2.20510068327616,1.7872233884824713,1.5442770725554655,2.04302880054583,1.3404550015381984,1.3404549864914135,1.3368930657243576
42.63636363636364,1.382576277757802,0.47840762859054986,0.6381781587044937,1.382576263415176,0.3013434655034556,0.515350799507031,1.384765270210101,0.4036261825756471,0.5865419852573344,1.786530838281367,1.5643752467137872,2.0105530534091467,1.9832364484125116,1.674348596790618,2.276442785911729,1.8638202024754866,1.6151185236991532,2.1253635729746536,1.382576277757802,1.382576263415176,1.384765270210101
44.94949494949495,1.42268022291557,0.46524237648175065,0.6258925397714749,1.4226802093100241,0.293050851767119,0.5054299838577925,1.4298667958028495,0.3940272877098871,0.5768002675200454,1.8540654295611336,1.6322833913367876,2.07690146088704,2.0546768538907787,1.745190619190985,2.3511610229148863,1.937556333755425,1.683893269749532,2.20374483702006,1.42268022291557,1.4226802093100241,1.4298667958028495
47.26262626262626,1.4609083729531671,0.45278230698200594,0.6140710396822715,1.460908360110746,0.2852024215674875,0.495883942073211,1.4723496693774474,0.38463319725471595,0.5671267892205937,1.9195247951634153,1.696514992807115,2.1333237647639542,2.1236885248175112,1.8144479067076411,2.4229028005441497,2.008520697378921,1.7506447475637417,2.2781524842439853,1.4609083729531671,1.460908360110746,1.4723496693774474
49.57575757575758,1.4973893261656446,0.4409722392735007,0.602687844603366,1.4973893141065522,0.27776341747618694,0.48669183007152855,1.5123738765142836,0.3754664462343297,0.5575513666741146,1.9830031400580215,1.759582910172012,2.196134572353416,2.1903932443453806,1.8827215743368857,2.4918425532749238,2.0768159068783256,1.8154271859689162,2.3491705559666394,1.4973893261656446,1.4973893141065522,1.5123738765142836
51.888888888888886,1.5322401884446835,0.4297626034285805,0.5917190202851998,1.5322401771841614,0.27070261625522246,0.47783432145915905,1.5501017191077915,0.3665450721774081,0.5481004566725152,2.0445890522894232,1.8236243876289076,2.257733810805572,2.2549047874398647,1.9495953584139945,2.557579848377467,2.142553467084412,1.8784254792541668,2.416974992140933,1.5322401884446835,1.5322401771841614,1.5501017191077915
54.2020202020202,1.5655678290207131,0.4191087449300969,0.5811423440385944,1.5655678185697814,0.2639918907892088,0.4692934718612676,1.58569349842491,0.3578825039821722,0.5387966812487748,2.104365915461249,1.886426389299527,2.317180854729363,2.317329568483547,2.015060916064385,2.619089534379678,2.2058497933763648,1.9399984965408443,2.481744624802883,1.5655678290207131,1.5655678185697814,1.58569349842491
56.515151515151516,1.597469975072692,0.4089703301366262,0.5709371544198603,1.5974699654387798,0.2576058356004318,0.46105259755081235,1.619304368661751,0.34948780459935846,0.5296587264270228,2.162412285397467,1.9480249228623467,2.374586560248518,2.377767227036271,2.079162280322704,2.678228718135916,2.2668230224114008,1.9998320334345097,2.54032578044991,1.597469975072692,1.5974699654387798,1.619304368661751
58.82828282828283,1.6280361688223959,0.3993108360027664,0.561084216484621,1.6280361600098794,0.2515214454342591,0.45309616664821284,1.6510821761003123,0.34136611084127894,0.5207014823563135,2.218802234558176,2.0058368050961937,2.4300542985993987,2.4363111585334485,2.141941666795292,2.7342634301865623,2.3255905398158174,2.0579944626782116,2.5911013808096617,1.6280361688223959,1.6280361600098794,1.6510821761003123
61.141414141414145,1.6573486068552181,0.3900971104455815,0.5515656007609206,1.6573485988658798,0.24571783834296584,0.4454097013983921,1.6811660962152999,0.3335191639080447,0.5119363286348368,2.2736056673852536,2.0613743022874518,2.4836805773621364,2.4930489958678526,2.2020497857771915,2.776275620152343,2.3822671312100963,2.114554110007354,2.6392346868169176,1.6573486068552181,1.6573485988658798,1.6811660962152999
63.45454545454545,1.6854828782354878,0.3812989922037426,0.5423645743390902,1.685482871068905,0.24017601624269147,0.43797969023128425,1.7096858944818034,0.3259458613286701,0.5033714967921302,2.326888609400733,2.115683021580183,2.535555600828613,2.548063047077739,2.2579314060027458,2.8240921929457192,2.436963657672839,2.1695782474485115,2.6946806942248447,1.6854828782354878,1.685482871068905,1.7096858944818034
65.76767676767676,1.7125086153731015,0.37288898100397494,0.5334655026862704,1.712508609026985,0.23487865715786518,0.43079350848180453,1.7367616582721312,0.31864278766135906,0.495012463258719,2.378713472571793,2.1675464258386006,2.585763776352275,2.601430693738926,2.3172346743915884,2.8747580274896847,2.4897861602273297,2.223132355186478,2.7482604847717464,1.7125086153731015,1.712508609026985,1.7367616582721312
68.08080808080808,1.7384900694410697,0.3648419504352145,0.524853760973337,1.7384900639115508,0.22980993436629665,0.4238393467904788,1.7625038718112869,0.31160469987897665,0.48686234202839046,2.429139299184792,2.2180743688090954,2.634384172658791,2.6532247541161595,2.3753886865295817,2.9236456803609685,2.5408353064271885,2.2787376916025215,2.799798595739488,1.7384900694410697,1.7384900639115508,1.7625038718112869
70.39393939393939,1.7634866203544046,0.35713489721519726,0.5165156538560931,1.7634866156362812,0.2249553584670838,0.4171061463303742,1.7870137304130322,0.3048249559034377,0.47892225776387753,2.478221986231854,2.2674577146174406,2.681490935352093,2.703513814657809,2.4324268632188852,2.9708471489318082,2.5902061030186703,2.3335527809911913,2.8489824458266675,1.7634866203544046,1.7634866156362812,1.7870137304130322
72.70707070707071,1.7875532298310897,0.34974672157937997,0.5084383427850077,1.78755322591804,0.22030163905182232,0.41058354011288134,1.8103836123236894,0.2982958828836793,0.4711916882973615,2.5260144921028607,2.315734926327546,2.727153664208408,2.752362533007279,2.486292368780702,3.0164481919384705,2.6379878102435006,2.387191833193514,2.8921461725884043,1.7875532298310897,1.78755322591804,1.8103836123236894
75.02020202020202,1.8107408448110673,0.342658034376628,0.5006097800318544,1.8107408416958324,0.21583656319785158,0.40426179971700194,1.8326976456216255,0.29200908681575694,0.463668771147172,2.572567027189657,2.362942762463272,2.7714377562962795,2.7998319153461164,2.5365971901812787,3.060528849494992,2.684264004550957,2.4369897660266675,2.9179484639181617,1.8107408448110673,1.8107408416958324,1.8326976456216255
77.33333333333333,1.833096757465259,0.33585098715783845,0.493018648720087,1.8330967551398,0.2115488884442789,0.3981317868663148,1.8540323235397342,0.2859557079499365,0.4563505724659274,2.617927229844626,2.409336323090344,2.81440471848013,2.8459795705702775,2.5857860259063465,3.1031639119454812,2.729112746711498,2.4847639903366847,2.950910437852896,1.833096757465259,1.8330967551398,1.8540323235397342
79.64646464646465,1.8546649271482698,0.32930912212240576,0.4856543082310364,1.854664925603904,0.20742824827605516,0.39218490934662464,1.87445713443971,0.2801266278326986,0.44923331926650045,2.6621403289899455,2.4547876212435917,2.8561124524479036,2.8908599435262348,2.632806529466594,3.14442334333269,2.7726068212843686,2.5314051492341485,2.9911040119935146,1.8546649271482698,1.854664925603904,1.87445713443971
81.95959595959596,1.8754862689069074,0.32301723926662895,0.47850674443196817,1.8754862681344273,0.2034650684432076,0.386413080817006,1.8940351827992397,0.2745126343040465,0.4423125972344699,2.7052492945443185,2.4992744701876455,2.8966155150404247,2.9345245292923305,2.6781374483580818,3.1843726645266797,2.8148140210110113,2.576958591872912,3.029893036459054,1.8754862689069074,1.8754862681344273,1.8940351827992397
84.27272727272728,1.8955989125287247,0.31696127847651906,0.47156652423633244,1.8955989125184958,0.19965049269325316,0.3808086841188672,1.9128237853780108,0.2691045506714452,0.4355835172252535,2.7472949767188775,2.5428272556898346,2.9359653563438246,2.977022070278525,2.72243852718021,3.223073300426857,2.855797456031728,2.62146707023676,3.0673581954276363,1.8955989125287247,1.8955989125184958,1.9128237853780108
86.58585858585859,1.9150384355814067,0.3111282146398264,0.46482475406255697,1.9150384363234574,0.19597631670416302,0.37536453773289413,1.9308750326130888,0.26389333485602795,0.4290408538793919,2.7883162351314352,2.585475099938952,2.9742105377299244,3.0183987377306067,2.7657444716581105,3.2605828951072513,2.8956158729698025,2.6649708699575836,3.103573787119739,1.9150384355814067,1.9150384363234574,1.9308750326130888
88.8989898989899,1.933838073439494,0.30550596413042863,0.45827304180664624,1.933838074923592,0.1924349291805552,0.37007386507321915,1.948236309635594,0.25887015371685856,0.42267915982866694,2.8283500585969024,2.62731496296182,3.011396931787563,3.0586982990598117,2.8080884451389694,3.2969555983057983,2.9343239730413746,2.7075079511487394,3.138608270018277,1.933838073439494,1.933838074923592,1.948236309635594
91.21212121212122,1.9520289089067577,0.30008330125206845,0.451903461986642,1.9520289111224711,0.18901925922308938,0.36493026634271997,1.9649507744281232,0.254026437109144,0.41649285882131215,2.867431676370047,2.668314000881275,3.0475679058756104,3.09796227227269,2.849679186087066,3.332242326252203,2.9719727215844807,2.7491140931833495,3.176401866252492,1.9520289089067577,1.9520289111224711,1.9649507744281232
93.52525252525253,1.9696400437100645,0.29484978342558055,0.4457085237545071,1.969640046646822,0.18572272920521946,0.359927692703628,1.9810577928328568,0.2493539155861319,0.4104763208447322,2.905594661543799,2.7087917415614875,3.082764490841904,3.136230068646744,2.8905200893753817,3.3664909994765866,3.008609643904387,2.7898230389773673,3.2177254209124575,1.9696400437100645,1.969640046646822,1.9810577928328568
95.83838383838383,1.9866987538550334,0.2897956840704786,0.43968114150393967,1.9866987575021697,0.18253921249647714,0.35506042254423736,1.9965933316001536,0.24484464504856335,0.4046239220220474,2.942871027240984,2.7487329323656664,3.1170255362881676,3.173539124682501,2.930492056114819,3.3997467599347053,3.0442791042385573,2.82966663562636,3.2580195078631906,1.9866987538550334,1.9866987575021697,1.9965933316001536
98.15151515151516,2.0032306305878844,0.2849119322732172,0.4338146078316139,2.0032306349346847,0.1794629954605553,0.3503230396459028,2.011590311617459,0.24049102109860676,0.39893009173950333,2.979291316178714,2.7879072201334387,3.156239755691804,3.209925024260731,2.9696225354306227,3.4320521695185238,3.079022566070506,2.868674969250562,3.2972459631854782,2.0032306305878844,2.0032306349346847,2.011590311617459
100.46464646464646,2.019259708495697,0.28019005845479017,0.42810256863488927,2.0192597135314285,0.17648874323226174,0.345710413075145,2.026078924020427,0.2362857853743656,0.3933893491475352,3.0148846841321317,2.82633667911358,3.1960296693733437,3.2454216118426786,3.007937831989279,3.4634473917877813,3.11287883306689,2.9068764926756994,3.335252745810088,2.019259708495697,2.0192597135314285,2.026078924020427
102.77777777777777,2.034808582093654,0.2756221453530135,0.42253900015159396,2.034808587807602,0.17361146884209505,0.341217678643903,2.0400869121718026,0.23222202572655748,0.3879963308823696,3.0496789777768356,2.864042538869742,3.22794986672217,3.2800610974702944,3.0455202181143206,3.493970358554177,3.14588427065955,2.944298145162035,3.3723512170648755,2.034808582093654,2.034808587807602,2.0400869121718026
105.0909090909091,2.049898512088655,0.27120078372270645,0.4171181877674446,2.0498985184701453,0.1708265053125381,0.33684022179708095,2.053639822582193,0.22829317174699928,0.3827458115846314,3.0837008073467977,2.904527956028256,3.258575471772753,3.3138741542511667,3.082370246957484,3.5236569227709578,3.178073008811678,2.9809654638285243,3.4085762390835708,2.049898512088655,2.0498985184701453,2.053639822582193
107.4040404040404,2.0645495223702803,0.26691903223235863,0.41183470643434444,2.0645495294087017,0.16812948039764203,0.3325736618008187,2.0667612278028873,0.2244929868632571,0.3776327185496316,3.1169756145062015,2.9472357348054414,3.287023996389367,3.346890008948329,3.1186614815971203,3.5525409990236105,3.209477126849653,3.016843791983864,3.438863689410239,2.0645495223702803,2.0645495294087017,2.0667612278028873
109.71717171717172,2.0787804886595724,0.2627703811007072,0.40668340255848645,2.0787804963443985,0.1655162936783131,0.3284138371175756,2.0794729241907164,0.22081555796853428,0.3726521416313304,3.1495277357990052,2.989340968572744,3.310854120347759,3.3791365262372777,3.154696921282414,3.580654692779109,3.240126821453131,3.051016372703589,3.464409630591504,2.0787804886595724,2.0787804963443985,2.0794729241907164
112.03030303030303,2.0926092196409023,0.25874871907255154,0.4016593772311443,2.0926092279617046,0.1629830957609243,0.3243567918653829,2.091795107262139,0.21725528335381805,0.3677993393372706,3.181380462008802,3.0266327393847603,3.3338698262356123,3.4106402871407364,3.190039739303725,3.6120798065295237,3.2700505590098845,3.084765201094163,3.4886938102376552,2.0926092196409023,2.0926092279617046,2.091795107262139
114.34343434343434,2.106052531310172,0.2548483033814476,0.3967579706874305,2.106052540256635,0.16052626935731115,0.32039876326864003,2.103746527142632,0.21380685954408363,0.3630697418930385,3.212556093733225,3.0552754236265334,3.3621069037809406,3.4414266621052056,3.2247098998221437,3.649078749828054,3.299275213585716,3.1178529510282535,3.5092998044462753,2.106052531310172,2.106052540256635,2.103746527142632
116.65656565656566,2.119126315192007,0.25106373238879187,0.39197474788938313,2.119126324753939,0.15814241205057722,0.316536170016766,2.1153446263948172,0.21046526750612848,0.3584589519195272,3.243075993451587,3.0795451247623635,3.392616526743063,3.4715198791415376,3.258726601769133,3.6760341917093213,3.3278261917538896,3.150300015097431,3.525788726921717,2.119126315192007,2.119126324753939,2.1153446263948172
118.96969696969697,2.131845601007777,0.247389920625145,0.38730548513960933,2.131845611175119,0.15582832057402896,0.3127656014549917,2.1266056622862144,0.2072257585872401,0.3539627432518033,3.2729606343412216,3.10877652194678,3.4189992261270112,3.500943087414171,3.294215465353228,3.701036625297383,3.3557275454889424,3.1875103047445768,3.541690438807609,2.131845601007777,2.131845611175119,2.1266056622862144
121.28282828282829,2.1442246143140467,0.24382207599128183,0.3827461576405522,2.144224625076883,0.15358097645048485,0.30908380753871295,2.137544815342641,0.20408384045691233,0.3495770583321073,3.3022296460769534,3.137568097707627,3.4465048145240074,3.529718416629801,3.3342095727436822,3.7251474198016137,3.3830020742680063,3.2114134784897463,3.5571116656715347,2.1442246143140467,2.144224625076883,2.137544815342641
123.5959595959596,2.156276829576167,0.24035567890403267,0.37829292792235303,2.1562768409247277,0.1513975328565746,0.30548768948920696,2.148176285830829,0.20103526325441903,0.34529800452898707,3.330901857828981,3.1666150596052924,3.479178871198794,3.557867032545659,3.3736391244798694,3.74312735529524,3.4096714174479663,3.2390956359340093,3.5720749130321545,2.156276829576167,2.1562768409247277,2.148176285830829
125.9090909090909,2.1680150190933007,0.23698646319608616,0.37394213506937063,2.168015031017969,0.14927530259182956,0.301974291094241,2.158513379626419,0.19807600608999776,0.34112184966751136,3.3589953386571105,3.1967819248039726,3.5083963039363337,3.5854091888900466,3.4113050772322286,3.760316059579461,3.4357561379050585,3.2686055321273226,3.588656648799758,2.1680150190933007,2.168015031017969,2.158513379626419
128.22222222222223,2.1794512981483436,0.2337103986000265,0.3696902846817791,2.179451310639657,0.14721174704565487,0.29854079060223465,2.1685685847523937,0.19520226400401886,0.33704501699993666,3.386527435483427,3.226168457041657,3.540591328247476,3.612364275962754,3.435801164341454,3.7808643350676174,3.461275797839654,3.2958997918943393,3.614363853456231,2.1794512981483436,2.179451310639657,2.1685685847523937
130.53535353535352,2.190597166718255,0.23052367466539553,0.3655340395143888,2.190597179766911,0.14520446606694007,0.2951844931632614,2.178353639718444,0.19241043545456835,0.3330640798003144,3.413514808811098,3.256744154409493,3.5690727570558165,3.638750866160458,3.457804223445761,3.8071669053278763,3.486249027566079,3.321035920716721,3.639912293219231,2.190597166718255,2.190597179766911,2.178353639718444
132.84848484848484,2.201463548046684,0.22742268597383716,0.3614702107399782,2.2014635616435427,0.14325118865131,0.2919028237743259,2.1878795946532748,0.18969711037753714,0.32917575572879376,3.4399734663438406,3.2842908674692204,3.5977226015872645,3.664586756651711,3.478061649085931,3.82806575253742,3.510693588027596,3.350182702538646,3.6663649166857417,2.201463548046684,2.2014635616435427,2.1878795946532748
135.16161616161617,2.2120608243508526,0.22440401853171707,0.3574957497890663,2.212060838486934,0.14134976437004743,0.28869332069010034,2.1971568660986454,0.18705905884305293,0.325376901080452,3.465918794648633,3.3132859928673972,3.625918816584319,3.68988900940759,3.506174774554747,3.852672000959654,3.5346264277013897,3.3728413444240717,3.6941151611726832,2.2120608243508526,2.212060838486934,2.1971568660986454
137.4747474747475,2.222398869908044,0.2214644372322446,0.35360774072223006,2.2223988845745315,0.13949815547267827,0.2855536292636797,2.2061952862249146,0.18449322031671073,0.3216645050082573,3.4913655889932325,3.3416627524472635,3.654397368898172,3.7146739887772156,3.530486179347577,3.8789543393498795,3.558063734488537,3.3992752729125284,3.723087423300602,2.222398869908044,2.2223988845745315,2.2061952862249146
139.78787878787878,2.232487081743351,0.2186008742902967,0.3498033930948619,2.232487096931591,0.13769442960224476,0.28248149618496743,2.215004147131815,0.1819966935225293,0.3180356837892441,3.516328081480107,3.368982389134681,3.6803610656150276,3.7389573967820278,3.557347631134998,3.903956873809688,3.5810209831196396,3.4196331585104103,3.744650093573511,2.232487081743351,2.232487096931591,2.215004147131815
142.1010101010101,2.242334408119144,0.21581041856302594,0.3460800352776643,2.2423344238206466,0.13593675306852016,0.27947476408706073,2.2235922408138884,0.17956672689608877,0.3144876751863699,3.5408199675891736,3.3945947893590227,3.7068307271554084,3.762754306288794,3.5837567611725767,3.9337413246576873,3.6035129785483595,3.439131861132511,3.7659143420160697,2.242334408119144,2.2423344238206466,2.2235922408138884
144.41414141414143,2.251949375007808,0.21309030567810064,0.34243510819928563,2.251949391214244,0.1342233846299378,0.27653136649350224,2.231967895296214,0.1772007096102353,0.3110178329451203,3.5648544312333645,3.4184337687958597,3.7259214424079308,3.7860791922085957,3.6110461689129387,3.9586810409305118,3.6255538957521916,3.458636961050624,3.791351734557879,2.251949375007808,2.251949391214244,2.231967895296214
146.72727272727272,2.2613401107123634,0.21043790889920738,0.33886615948028864,2.261340127415564,0.13255266973990965,0.2736493230815273,2.240139007381743,0.17489616315153703,0.3076236214531817,3.5884441684233246,3.4418435842302166,3.7503595609874814,3.808945960857515,3.6368405747907913,3.983109739185745,3.647157316312445,3.4817950917298433,3.815147557128996,2.2613401107123634,2.261340127415564,2.240139007381743
149.04040404040404,2.2705143687844065,0.20785073066536722,0.3353708379301975,2.270514385976362,0.13092303521756873,0.2708267352384867,2.248113072395361,0.17265073342293605,0.30430261058291797,3.611601409630513,3.4657001807680783,3.7743469229765783,3.8313679776041454,3.6611878768362165,4.00799118943433,3.668336262102912,3.506770963793511,3.8346132309417653,2.2705143687844065,2.270514385976362,2.248113072395361
151.35353535353536,2.279479549375175,0.20532639474677983,0.3319468883816715,2.279479567048035,0.1293329843068539,0.2680617818904935,2.255897211261074,0.1704621833464136,0.3010524707295825,3.634337940931433,3.491632400332036,3.7978958865410917,3.8533580929194358,3.687233066773273,4.031996492831179,3.689103226379039,3.53071287451767,3.8523769158087737,2.279479549375175,2.279479567048035,2.255897211261074
153.66666666666666,2.2882427191433212,0.20286263896541282,0.32859214683795107,2.2882427372893877,0.12778109209131733,0.2653527155840313,2.2634981952062554,0.1683283859387152,0.2978709680528287,3.6566651240098484,3.508551301315004,3.8210183621483553,3.8749286669355403,3.7114751401255504,4.055449272362467,3.70947020252592,3.5491283062564043,3.8729495103777953,2.2882427191433212,2.2882427372893877,2.2634981952062554
155.97979797979798,2.296810629831933,0.20045730843346055,0.32530453591163555,2.296810648443665,0.12626600123513068,0.2626978588028056,2.270922468350092,0.16624731783304758,0.294755959924904,3.6785939150882587,3.529334804905983,3.848905659521441,3.8960915926123176,3.734968303323233,4.078521722457754,3.7294487106938417,3.5726155599688227,3.893408851857247,2.296810629831933,2.296810648443665,2.270922468350092
158.2929292929293,2.3051897356174598,0.19810834926719592,0.3220820605345876,2.305189754687464,0.12478641802353313,0.2600956005035276,2.2781761684014175,0.16421705322000255,0.29170539058566824,3.700134882854941,3.5497494039169983,3.878262460861884,3.916858317602679,3.7557557627294087,4.095979622006806,3.7490498225239977,3.5960425782182526,3.909934031010185,2.3051897356174598,2.305189754687464,2.2781761684014175
160.6060606060606,2.3133862093242135,0.19581380273767013,0.31892280392034683,2.313386228845247,0.12334110867844354,0.25754439285559183,2.2852651456633732,0.16223575818164263,0.2887172870021141,3.721298225448179,3.570535543909016,3.901796128982574,3.937239864901292,3.7761683816862526,4.114953404528945,3.768284184143979,3.61610087341744,3.924441347558191,2.3133862093242135,2.313386228845247,2.2852651456633732
162.91919191919192,2.3214059575900587,0.1935717998232486,0.31582492376188,2.3214059775550266,0.12192889592718295,0.2550427481707868,2.292194980518331,0.16030168539361003,0.2857897549282155,3.7420937865550186,3.591193553769367,3.9233976599300915,3.9572468523548596,3.796216231704715,4.135627063471352,3.7871620375924073,3.631563332094007,3.939324076089183,2.3214059575900587,2.3214059775550266,2.292194980518331
165.23232323232324,2.329254635061604,0.19138055613214208,0.3127866486488211,2.3292546554635534,0.12054865580425105,0.2525892360102372,2.298970999545579,0.15841316917120263,0.28292097515957365,3.762531070677962,3.6095542550038093,3.937990712771367,3.9768895111065583,3.8198210121393745,4.155922008119194,3.805693240814276,3.646741817837332,3.9604747634671003,2.329254635061604,2.3292546554635534,2.298970999545579
167.54545454545456,2.3369376576905694,0.18923836716594125,0.30980627468955635,2.3369376785226885,0.11919931466789548,0.250182480456758,2.305598290406192,0.15656862083654471,0.2801091999763685,3.782619257619317,3.6306925479087657,3.952288380792282,3.996177703041942,3.835294535962913,4.175848551132125,3.8238872863529356,3.6616234326384873,3.9812603648223717,2.3369376576905694,2.3369376785226885,2.305598290406192
169.85858585858585,2.344460215197047,0.1871436038977326,0.3068821623246224,2.344460236452664,0.11787984641483126,0.2478211575416888,2.312081715613747,0.15476652438521887,0.277352749767474,3.802367216229603,3.6496446441325294,3.971849299648915,4.015120937298814,3.8522784990570638,4.198763386195265,3.841753318850958,3.6764456860753487,4.0016902806533325,2.344460215197047,2.344460236452664,2.312081715613747
172.17171717171718,2.351827282759922,0.18509470864068608,0.3040127333188908,2.351827304432499,0.1165892698779239,0.24550399281609747,2.318425925295833,0.15300543243197914,0.274650009828188,3.8217835174632646,3.6688667655841716,3.9919410888402527,4.033728385899146,3.86985443599181,4.226966567440809,3.8593001514600003,3.691241068378734,4.021773587660038,2.351827282759922,2.351827304432499,2.318425925295833
174.4848484848485,2.35904363198979,0.1830901911850948,0.3011964679209488,2.3590436540729254,0.1153266463929661,0.2432297590569905,2.3246353690394117,0.15128396241641628,0.27199942732382054,3.840876446782062,3.686098310852936,4.014876802220009,4.052008898557035,3.8876493793485203,4.248265317450092,3.8765362812492676,3.705761329740618,4.041519053089228,2.35904363198979,2.3590436540729254,2.3246353690394117
176.7979797979798,2.3661138412352343,0.1811286251837343,0.2984319021789278,2.3661138637226533,0.11409107752186755,0.24099727409985497,2.3307143069026717,0.14960079305066362,0.26939950841131405,3.8596540159438697,3.702242911682296,4.040970709107327,4.069971016712905,3.9056527378695236,4.267225058333504,3.8934699036928047,3.7248098152206905,4.061014534328107,2.3661138412352343,2.3661138637226533,2.3307143069026717
179.11111111111111,2.3730423052692236,0.17920864476711493,0.295717625402823,2.373042328154782,0.11288170292065053,0.23880539878948762,2.3366668196669553,0.14795466099241658,0.26684881551112255,3.878123974212089,3.718213658713386,4.066720737954685,4.08762298684076,3.9212029050000305,4.280137180017895,3.9101089263076894,3.740243974746611,4.082114892408846,2.3730423052692236,2.373042328154782,2.3366668196669553
181.42424242424244,2.3798332443987213,0.17732894137174907,0.2930522777640567,2.3798332676763994,0.1116976983416206,0.2366530350416496,2.3424968183944324,0.1463443577276692,0.2643459647217079,3.89629381901867,3.733910282463572,4.088036578358246,4.104972773071995,3.9400993438717737,4.29096389592844,3.926460981507991,3.7536650633755184,4.101431060317613,2.3798332443987213,2.3798332676763994,2.3424968183944324
183.73737373737373,2.3864907130371567,0.17548826076595453,0.29043454802370666,2.3864907367010573,0.11053827375996242,0.23453912400861457,2.3482080533502074,0.1447687266486484,0.2618896233692109,3.9141708061115135,3.7493397805233006,4.108543600439787,4.122028069176394,3.9564665398542775,4.305811432619263,3.9425334387329585,3.7668412080663862,4.1260415842420715,2.3864907130371567,2.3864907367010573,2.3482080533502074
186.05050505050505,2.393018607776365,0.17368540025898918,0.2878631713814214,2.39301863182071,0.10940267161581302,0.23246264434217057,2.353804122341513,0.143226660313445,0.25947850768509606,3.9317619592151565,3.7645089143199844,4.128802365931617,4.138796309938177,3.9730483823725886,4.323120751799721,3.958333415902345,3.779779061567416,4.148938749352244,2.393018607776365,2.39301863182071,2.353804122341513
188.36363636363637,2.3994206749917564,0.1719192060804666,0.2853369274376109,2.399420699410886,0.10829016516359243,0.23042261054809157,2.359288478521259,0.1417170978748012,0.2571113806048402,3.9490740792317283,3.779424218997581,4.148075568365172,4.155284681962442,3.9880995371957844,4.341722812539038,3.973867790246774,3.7926714127336485,4.164173698771462,2.3994206749917564,2.399420699410886,2.359288478521259
190.67676767676767,2.405700518011909,0.17018857091805337,0.2828546382620111,2.405700542800279,0.10720005692103399,0.22841807142650367,2.3646644376985058,0.1402390226664114,0.2547870496810315,3.9661137530075137,3.794092012804321,4.167056530456472,4.171500133944979,4.001859103408198,4.365677438700526,3.9891432085566523,3.8058169469120395,4.178984783904559,2.405700518011909,2.405700542800279,2.3646644376985058
192.989898989899,2.411861603881411,0.1684924316024064,0.28041516656220233,2.4118616290335857,0.10613167721095844,0.22644810859296435,2.3699351851942856,0.13879145993593545,0.2525043651045457,3.9828873616888685,3.808518406016922,4.185751867363238,4.187449386436313,4.015266128933197,4.389316148430167,4.004166096889261,3.8222286959919125,4.193369044610794,2.411861603881411,2.4118616290335857,2.3699351851942856
195.3030303030303,2.41790726974362,0.16682976692917867,0.27801741394609675,2.417907295254276,0.10508438278938602,0.22451183507541966,2.375103782277499,0.13737347471470748,0.25026221782777525,3.9994010886897335,3.822709309427772,4.204167995611303,4.203138941128795,4.028442526909243,4.410653655729261,4.018942669770144,3.839860411329832,4.209448943103296,2.41790726974362,2.417907295254276,2.375103782277499
197.6161616161616,2.4238407288680395,0.16519959560871905,0.27566031927281853,2.4238407547319607,0.10405755555408046,0.22260839398253846,2.380173172212398,0.13598416981485145,0.24805953778419643,4.015660927291678,3.839148413757437,4.222311140509527,4.218575089693685,4.041394197494872,4.427395053629034,4.033478938921876,3.8572387942982633,4.226384152982285,2.4238407288680395,2.4238407547319607,2.380173172212398
199.92929292929293,2.4296650763451737,0.16360097433481496,0.273342857086773,2.4296651025572475,0.10305060132807707,0.22073695723922165,2.3851461859462297,0.13462268394519322,0.24589529219886014,4.031672687896065,3.8570585439928298,4.239862205117616,4.23376392219348,4.054126841290705,4.445634954510391,4.047780721550447,3.8743692841438446,4.243059574941064,2.4296650763451737,2.4296651025572475,2.3851461859462297
202.24242424242425,2.4353832944700766,0.1620329959644929,0.2710640361300521,2.4353833210252933,0.10206294871316385,0.21889672438536628,2.39002554746308,0.13328818993798755,0.24376848398468706,4.047442004946803,3.8747221099984115,4.257067292651654,4.248711335093123,4.066645967705665,4.462511321928364,4.061853648217119,3.891271410180356,4.259481143496562,2.4353832944700766,2.4353833210252933,2.39002554746308
204.55555555555554,2.4409982578342637,0.1604947878014955,0.2688228979286393,2.440998284727713,0.10109404800866754,0.2170869214342233,2.3948138788276525,0.13197989307905914,0.24167815021973627,4.062974343540981,3.892144178720704,4.274018765265521,4.263423038892201,4.07895690290582,4.479131522928788,4.075703170321325,3.8992584197331057,4.275654613450987,2.4409982578342637,2.440998284727713,2.3948138788276525
206.86868686868686,2.4465127381442553,0.15898550997661087,0.26661851544817994,2.446512765371125,0.10014337019124528,0.2153067997869281,2.3995137049406536,0.1306970295344966,0.23962336070088852,4.078275005743706,3.9093296789045184,4.290722189955541,4.277904565398923,4.091064797369889,4.495501362859012,4.089334567218204,3.906088316563783,4.291585566691381,2.4465127381442553,2.446512765371125,2.3995137049406536
209.1818181818182,2.451929408783727,0.1575043539185385,0.2644499918153544,2.4519294363392996,0.09921040595170368,0.21355563520000553,2.404127458025638,0.1294388648675372,0.23760321656965064,4.09334913662246,3.9201046326677895,4.306894993279878,4.292161274665311,4.102974633073995,4.511626472530109,4.102752952992585,3.9127922626764007,4.307055980457487,2.451929408783727,2.4519294363392996,2.404127458025638
211.4949494949495,2.4572508491350336,0.15605054090944115,0.26231645910114904,2.4572508770146846,0.09829466478516098,0.2118327268028572,2.4086574818655055,0.12820469263973888,0.23561684900603608,4.108201730015399,3.9292646826844693,4.322761397152545,4.306198361601904,4.116194019282765,4.527512314741095,4.115963282909571,3.9193737276085976,4.32211253564986,2.4572508491350336,2.4572508770146846,2.4086574818655055
213.8080808080808,2.462479548674789,0.1546233207197615,0.26021707716255854,2.4624795768739856,0.09739567413113634,0.21013739616243093,2.4131060358053578,0.12699383309096476,0.23366341798671786,4.1228376340471895,3.9382687722989016,4.3383983483758115,4.320020862289076,4.132204690179617,4.542929057006325,4.1289703595604355,3.9277273392170633,4.336946344383904,2.462479548674789,2.4624795768739856,2.4131060358053578
216.12121212121212,2.4676179108571703,0.1532219703172748,0.2581510325394694,2.467617939371469,0.09651297856039971,0.20846898639245026,2.4174752985370955,0.12580563189309604,0.23174211110387205,4.137261556405178,3.9471208573330587,4.353810791381821,4.333633660001128,4.147994730035574,4.557912351411873,4.1417788387211845,3.9393855442532373,4.351562320205616,2.4676179108571703,2.467617939371469,2.4174752985370955
218.43434343434345,2.472668256797668,0.1518457926457103,0.2561175374036843,2.472668285622711,0.09564613900564194,0.20682686130474573,2.4217673716799015,0.12463945897275426,0.2298521424413471,4.15147806938795,3.9558247607575403,4.369003529469315,4.347041490958259,4.163568676818496,4.572674368696448,4.154393234939927,3.9513885476819848,4.365965232890852,2.472668256797668,2.472668285622711,2.4217673716799015
220.74747474747474,2.477632828769135,0.15049411546860642,0.2541158285572324,2.4776328579006486,0.09479473203323475,0.20521040460038625,2.4259842831696963,0.12349470739864885,0.2279927515049927,4.165491614737654,3.9651044427209605,4.38398122980673,4.360248949820647,4.178930944628917,4.587219975041539,4.166817926868091,3.963792978582748,4.380159713690116,2.477632828769135,2.4776328579006486,2.4259842831696963
223.06060606060606,2.48251379352122,0.14916629027437056,0.2521451664772912,2.4825138229550143,0.09395834915354265,0.2036190190984477,2.4301279904696185,0.12237079232947642,0.22616320220417124,4.179306508266831,3.975752970379316,4.402638560378364,4.37326049493807,4.189570980606614,4.601344564081366,4.1790571623495065,3.974328945667811,4.398685670576733,2.48251379352122,2.4825138229550143,2.4301279904696185
225.37373737373738,2.487313245433484,0.1478616912387971,0.25020483440520863,2.4873132751654516,0.09313659616742669,0.2020521260003928,2.434200383612713,0.12126715001858426,0.22436278188165665,4.192926944289846,3.9881333739606997,4.423949254106624,4.3860804533675966,4.196421638232246,4.615089266660713,4.191115063280429,3.987360733612603,4.419508918281429,2.487313245433484,2.4873132751654516,2.434200383612713
227.68686868686868,2.4920332095118636,0.14657971424155533,0.2482941374772675,2.4920332395379723,0.09232909254674365,0.20050916418815865,2.4382032880871627,0.1201832368718757,0.22259080038928827,4.206356999868518,3.999556065225025,4.444586284388942,4.398713025671267,4.203155631576063,4.628634893663895,4.202995630252771,4.001654392414558,4.440101160209443,2.4920332095118636,2.4920332395379723,2.4382032880871627
230.0,2.4966756442374645,0.1453197759334011,0.24641240189497818,2.496675674553762,0.09153547084679502,0.19898958955416193,2.442138467573665,0.11911852855567871,0.22084658920690697,4.219600638880938,4.0112072445988645,4.465768844074937,4.41116229050494,4.209775920861885,4.6419857414036585,4.214702746991966,4.015760879688166,4.460341667171766,2.4966756442374645,2.496675674553762,2.442138467573665
